RI-ITEST DIY - 76: Intro to Modeling (v3),http://ri-itest.portal.concord.org/diy/view/76/type/ExternalOtrunkActivity/,http://jnlpwrapper.diy.concord.org/jcl/RI-ITEST/76.jnlp?jnlp=http%3A%2F%2Fmodels-resources.concord.org%2Flegacy_jnlp_resources%2Fsam%2Fjnlps%2Fsam-76.jnlp,http://models-resources.concord.org/legacy_jnlp_resources/sam/jnlps/sam-76.jnlp,http://models-resources.concord.org/legacy_jnlp_resources/sam/configs/sam-76-config.xml,http://models-resources.concord.org/legacy_jnlp_resources/sam/otml/sam-76.otml
RI-ITEST DIY - 62: Atoms and Energy (v3),http://ri-itest.portal.concord.org/diy/view/62/type/ExternalOtrunkActivity/,http://jnlpwrapper.diy.concord.org/jcl/RI-ITEST/62.jnlp?jnlp=http%3A%2F%2Fmodels-resources.concord.org%2Flegacy_jnlp_resources%2Fsam%2Fjnlps%2Fsam-62.jnlp,http://models-resources.concord.org/legacy_jnlp_resources/sam/jnlps/sam-62.jnlp,http://models-resources.concord.org/legacy_jnlp_resources/sam/configs/sam-62-config.xml,http://models-resources.concord.org/legacy_jnlp_resources/sam/otml/sam-62.otml
RI-ITEST DIY - 63: Atomic Structure (v3),http://ri-itest.portal.concord.org/diy/view/63/type/ExternalOtrunkActivity/,http://jnlpwrapper.diy.concord.org/jcl/RI-ITEST/63.jnlp?jnlp=http%3A%2F%2Fmodels-resources.concord.org%2Flegacy_jnlp_resources%2Fsam%2Fjnlps%2Fsam-63.jnlp,http://models-resources.concord.org/legacy_jnlp_resources/sam/jnlps/sam-63.jnlp,http://models-resources.concord.org/legacy_jnlp_resources/sam/configs/sam-63-config.xml,http://models-resources.concord.org/legacy_jnlp_resources/sam/otml/sam-63.otml
RI-ITEST DIY - 69: Electric Current (v4),http://ri-itest.portal.concord.org/diy/view/69/type/ExternalOtrunkActivity/,http://jnlpwrapper.diy.concord.org/jcl/RI-ITEST/69.jnlp?jnlp=http%3A%2F%2Fmodels-resources.concord.org%2Flegacy_jnlp_resources%2Fsam%2Fjnlps%2Fsam-69.jnlp,http://models-resources.concord.org/legacy_jnlp_resources/sam/jnlps/sam-69.jnlp,http://models-resources.concord.org/legacy_jnlp_resources/sam/configs/sam-69-config.xml,http://models-resources.concord.org/legacy_jnlp_resources/sam/otml/sam-69.otml
RI-ITEST DIY - 71: Atoms, Excited States, and Photons (v4),http://ri-itest.portal.concord.org/diy/view/71/type/ExternalOtrunkActivity/,http://jnlpwrapper.diy.concord.org/jcl/RI-ITEST/71.jnlp?jnlp=http%3A%2F%2Fmodels-resources.concord.org%2Flegacy_jnlp_resources%2Fsam%2Fjnlps%2Fsam-71.jnlp,http://models-resources.concord.org/legacy_jnlp_resources/sam/jnlps/sam-71.jnlp,http://models-resources.concord.org/legacy_jnlp_resources/sam/configs/sam-71-config.xml,http://models-resources.concord.org/legacy_jnlp_resources/sam/otml/sam-71.otml
RI-ITEST DIY - 74: Heat and Temperature (v3),http://ri-itest.portal.concord.org/diy/view/74/type/ExternalOtrunkActivity/,http://jnlpwrapper.diy.concord.org/jcl/RI-ITEST/74.jnlp?jnlp=http%3A%2F%2Fmodels-resources.concord.org%2Flegacy_jnlp_resources%2Fsam%2Fjnlps%2Fsam-74.jnlp,http://models-resources.concord.org/legacy_jnlp_resources/sam/jnlps/sam-74.jnlp,http://models-resources.concord.org/legacy_jnlp_resources/sam/configs/sam-74-config.xml,http://models-resources.concord.org/legacy_jnlp_resources/sam/otml/sam-74.otml
RI-ITEST DIY - 80: Newton's Laws at the Atomic Scale (v3),http://ri-itest.portal.concord.org/diy/view/80/type/ExternalOtrunkActivity/,http://jnlpwrapper.diy.concord.org/jcl/RI-ITEST/80.jnlp?jnlp=http%3A%2F%2Fmodels-resources.concord.org%2Flegacy_jnlp_resources%2Fsam%2Fjnlps%2Fsam-80.jnlp,http://models-resources.concord.org/legacy_jnlp_resources/sam/jnlps/sam-80.jnlp,http://models-resources.concord.org/legacy_jnlp_resources/sam/configs/sam-80-config.xml,http://models-resources.concord.org/legacy_jnlp_resources/sam/otml/sam-80.otml
RI-ITEST DIY - 85: Spectroscopy (v4),http://ri-itest.portal.concord.org/diy/view/85/type/ExternalOtrunkActivity/,http://jnlpwrapper.diy.concord.org/jcl/RI-ITEST/85.jnlp?jnlp=http%3A%2F%2Fmodels-resources.concord.org%2Flegacy_jnlp_resources%2Fsam%2Fjnlps%2Fsam-85.jnlp,http://models-resources.concord.org/legacy_jnlp_resources/sam/jnlps/sam-85.jnlp,http://models-resources.concord.org/legacy_jnlp_resources/sam/configs/sam-85-config.xml,http://models-resources.concord.org/legacy_jnlp_resources/sam/otml/sam-85.otml
RI-ITEST DIY - 97: Electrostatics (v5),http://ri-itest.portal.concord.org/diy/view/97/type/ExternalOtrunkActivity/,http://jnlpwrapper.diy.concord.org/jcl/RI-ITEST/97.jnlp?jnlp=http%3A%2F%2Fmodels-resources.concord.org%2Flegacy_jnlp_resources%2Fsam%2Fjnlps%2Fsam-97.jnlp,http://models-resources.concord.org/legacy_jnlp_resources/sam/jnlps/sam-97.jnlp,http://models-resources.concord.org/legacy_jnlp_resources/sam/configs/sam-97-config.xml,http://models-resources.concord.org/legacy_jnlp_resources/sam/otml/sam-97.otml
RI-ITEST DIY - 81: Phase Change (v3),http://ri-itest.portal.concord.org/diy/view/81/type/ExternalOtrunkActivity/,http://jnlpwrapper.diy.concord.org/jcl/RI-ITEST/81.jnlp?jnlp=http%3A%2F%2Fmodels-resources.concord.org%2Flegacy_jnlp_resources%2Fsam%2Fjnlps%2Fsam-81.jnlp,http://models-resources.concord.org/legacy_jnlp_resources/sam/jnlps/sam-81.jnlp,http://models-resources.concord.org/legacy_jnlp_resources/sam/configs/sam-81-config.xml,http://models-resources.concord.org/legacy_jnlp_resources/sam/otml/sam-81.otml
RI-ITEST DIY - 73: Gas Laws (v3),http://ri-itest.portal.concord.org/diy/view/73/type/ExternalOtrunkActivity/,http://jnlpwrapper.diy.concord.org/jcl/RI-ITEST/73.jnlp?jnlp=http%3A%2F%2Fmodels-resources.concord.org%2Flegacy_jnlp_resources%2Fsam%2Fjnlps%2Fsam-73.jnlp,http://models-resources.concord.org/legacy_jnlp_resources/sam/jnlps/sam-73.jnlp,http://models-resources.concord.org/legacy_jnlp_resources/sam/configs/sam-73-config.xml,http://models-resources.concord.org/legacy_jnlp_resources/sam/otml/sam-73.otml
RI-ITEST DIY - 75: Intermolecular Attractions (v3),http://ri-itest.portal.concord.org/diy/view/75/type/ExternalOtrunkActivity/,http://jnlpwrapper.diy.concord.org/jcl/RI-ITEST/75.jnlp?jnlp=http%3A%2F%2Fmodels-resources.concord.org%2Flegacy_jnlp_resources%2Fsam%2Fjnlps%2Fsam-75.jnlp,http://models-resources.concord.org/legacy_jnlp_resources/sam/jnlps/sam-75.jnlp,http://models-resources.concord.org/legacy_jnlp_resources/sam/configs/sam-75-config.xml,http://models-resources.concord.org/legacy_jnlp_resources/sam/otml/sam-75.otml
RI-ITEST DIY - 109: Molecular Geometry (v4),http://ri-itest.portal.concord.org/diy/view/109/type/ExternalOtrunkActivity/,http://jnlpwrapper.diy.concord.org/jcl/RI-ITEST/109.jnlp?jnlp=http%3A%2F%2Fmodels-resources.concord.org%2Flegacy_jnlp_resources%2Fsam%2Fjnlps%2Fsam-109.jnlp,http://models-resources.concord.org/legacy_jnlp_resources/sam/jnlps/sam-109.jnlp,http://models-resources.concord.org/legacy_jnlp_resources/sam/configs/sam-109-config.xml,http://models-resources.concord.org/legacy_jnlp_resources/sam/otml/sam-109.otml
RI-ITEST DIY - 84: Solubility (v2),http://ri-itest.portal.concord.org/diy/view/84/type/ExternalOtrunkActivity/,http://jnlpwrapper.diy.concord.org/jcl/RI-ITEST/84.jnlp?jnlp=http%3A%2F%2Fmodels-resources.concord.org%2Flegacy_jnlp_resources%2Fsam%2Fjnlps%2Fsam-84.jnlp,http://models-resources.concord.org/legacy_jnlp_resources/sam/jnlps/sam-84.jnlp,http://models-resources.concord.org/legacy_jnlp_resources/sam/configs/sam-84-config.xml,http://models-resources.concord.org/legacy_jnlp_resources/sam/otml/sam-84.otml
RI-ITEST DIY - 65: Chemical Bonds (v3),http://ri-itest.portal.concord.org/diy/view/65/type/ExternalOtrunkActivity/,http://jnlpwrapper.diy.concord.org/jcl/RI-ITEST/65.jnlp?jnlp=http%3A%2F%2Fmodels-resources.concord.org%2Flegacy_jnlp_resources%2Fsam%2Fjnlps%2Fsam-65.jnlp,http://models-resources.concord.org/legacy_jnlp_resources/sam/jnlps/sam-65.jnlp,http://models-resources.concord.org/legacy_jnlp_resources/sam/configs/sam-65-config.xml,http://models-resources.concord.org/legacy_jnlp_resources/sam/otml/sam-65.otml
RI-ITEST DIY - 66: Chemical Reactions (v4),http://ri-itest.portal.concord.org/diy/view/66/type/ExternalOtrunkActivity/,http://jnlpwrapper.diy.concord.org/jcl/RI-ITEST/66.jnlp?jnlp=http%3A%2F%2Fmodels-resources.concord.org%2Flegacy_jnlp_resources%2Fsam%2Fjnlps%2Fsam-66.jnlp,http://models-resources.concord.org/legacy_jnlp_resources/sam/jnlps/sam-66.jnlp,http://models-resources.concord.org/legacy_jnlp_resources/sam/configs/sam-66-config.xml,http://models-resources.concord.org/legacy_jnlp_resources/sam/otml/sam-66.otml
RI-ITEST DIY - 68: Diffusion and Active Transport (v4),http://ri-itest.portal.concord.org/diy/view/68/type/ExternalOtrunkActivity/,http://jnlpwrapper.diy.concord.org/jcl/RI-ITEST/68.jnlp?jnlp=http%3A%2F%2Fmodels-resources.concord.org%2Flegacy_jnlp_resources%2Fsam%2Fjnlps%2Fsam-68.jnlp,http://models-resources.concord.org/legacy_jnlp_resources/sam/jnlps/sam-68.jnlp,http://models-resources.concord.org/legacy_jnlp_resources/sam/configs/sam-68-config.xml,http://models-resources.concord.org/legacy_jnlp_resources/sam/otml/sam-68.otml
RI-ITEST DIY - 64: Cellular Respiration (v2),http://ri-itest.portal.concord.org/diy/view/64/type/ExternalOtrunkActivity/,http://jnlpwrapper.diy.concord.org/jcl/RI-ITEST/64.jnlp?jnlp=http%3A%2F%2Fmodels-resources.concord.org%2Flegacy_jnlp_resources%2Fsam%2Fjnlps%2Fsam-64.jnlp,http://models-resources.concord.org/legacy_jnlp_resources/sam/jnlps/sam-64.jnlp,http://models-resources.concord.org/legacy_jnlp_resources/sam/configs/sam-64-config.xml,http://models-resources.concord.org/legacy_jnlp_resources/sam/otml/sam-64.otml
RI-ITEST DIY - 103: Four Levels of Protein Structure (v4),http://ri-itest.portal.concord.org/diy/view/103/type/ExternalOtrunkActivity/,http://jnlpwrapper.diy.concord.org/jcl/RI-ITEST/103.jnlp?jnlp=http%3A%2F%2Fmodels-resources.concord.org%2Flegacy_jnlp_resources%2Fsam%2Fjnlps%2Fsam-103.jnlp,http://models-resources.concord.org/legacy_jnlp_resources/sam/jnlps/sam-103.jnlp,http://models-resources.concord.org/legacy_jnlp_resources/sam/configs/sam-103-config.xml,http://models-resources.concord.org/legacy_jnlp_resources/sam/otml/sam-103.otml
RI-ITEST DIY - 108: Protein Partnering and Function (v3),http://ri-itest.portal.concord.org/diy/view/108/type/ExternalOtrunkActivity/,http://jnlpwrapper.diy.concord.org/jcl/RI-ITEST/108.jnlp?jnlp=http%3A%2F%2Fmodels-resources.concord.org%2Flegacy_jnlp_resources%2Fsam%2Fjnlps%2Fsam-108.jnlp,http://models-resources.concord.org/legacy_jnlp_resources/sam/jnlps/sam-108.jnlp,http://models-resources.concord.org/legacy_jnlp_resources/sam/configs/sam-108-config.xml,http://models-resources.concord.org/legacy_jnlp_resources/sam/otml/sam-108.otml
RI-ITEST DIY - 98: Intro to Macromolecules (v1),http://ri-itest.portal.concord.org/diy/view/98/type/ExternalOtrunkActivity/,http://jnlpwrapper.diy.concord.org/jcl/RI-ITEST/98.jnlp?jnlp=http%3A%2F%2Fmodels-resources.concord.org%2Flegacy_jnlp_resources%2Fsam%2Fjnlps%2Fsam-98.jnlp,http://models-resources.concord.org/legacy_jnlp_resources/sam/jnlps/sam-98.jnlp,http://models-resources.concord.org/legacy_jnlp_resources/sam/configs/sam-98-config.xml,http://models-resources.concord.org/legacy_jnlp_resources/sam/otml/sam-98.otml
RI-ITEST DIY - 83: Proteins and Nucleic Acids (v3),http://ri-itest.portal.concord.org/diy/view/83/type/ExternalOtrunkActivity/,http://jnlpwrapper.diy.concord.org/jcl/RI-ITEST/83.jnlp?jnlp=http%3A%2F%2Fmodels-resources.concord.org%2Flegacy_jnlp_resources%2Fsam%2Fjnlps%2Fsam-83.jnlp,http://models-resources.concord.org/legacy_jnlp_resources/sam/jnlps/sam-83.jnlp,http://models-resources.concord.org/legacy_jnlp_resources/sam/configs/sam-83-config.xml,http://models-resources.concord.org/legacy_jnlp_resources/sam/otml/sam-83.otml
RI-ITEST DIY - 100: Nucleic Acids and Protiens (v4),http://ri-itest.portal.concord.org/diy/view/100/type/ExternalOtrunkActivity/,http://jnlpwrapper.diy.concord.org/jcl/RI-ITEST/100.jnlp?jnlp=http%3A%2F%2Fmodels-resources.concord.org%2Flegacy_jnlp_resources%2Fsam%2Fjnlps%2Fsam-100.jnlp,http://models-resources.concord.org/legacy_jnlp_resources/sam/jnlps/sam-100.jnlp,http://models-resources.concord.org/legacy_jnlp_resources/sam/configs/sam-100-config.xml,http://models-resources.concord.org/legacy_jnlp_resources/sam/otml/sam-100.otml
RI-ITEST DIY - 77: Lipids and Carbohydrates (v4),http://ri-itest.portal.concord.org/diy/view/77/type/ExternalOtrunkActivity/,http://jnlpwrapper.diy.concord.org/jcl/RI-ITEST/77.jnlp?jnlp=http%3A%2F%2Fmodels-resources.concord.org%2Flegacy_jnlp_resources%2Fsam%2Fjnlps%2Fsam-77.jnlp,http://models-resources.concord.org/legacy_jnlp_resources/sam/jnlps/sam-77.jnlp,http://models-resources.concord.org/legacy_jnlp_resources/sam/configs/sam-77-config.xml,http://models-resources.concord.org/legacy_jnlp_resources/sam/otml/sam-77.otml
RI-ITEST DIY - 99: Lipids and Carbohydrates (v5),http://ri-itest.portal.concord.org/diy/view/99/type/ExternalOtrunkActivity/,http://jnlpwrapper.diy.concord.org/jcl/RI-ITEST/99.jnlp?jnlp=http%3A%2F%2Fmodels-resources.concord.org%2Flegacy_jnlp_resources%2Fsam%2Fjnlps%2Fsam-99.jnlp,http://models-resources.concord.org/legacy_jnlp_resources/sam/jnlps/sam-99.jnlp,http://models-resources.concord.org/legacy_jnlp_resources/sam/configs/sam-99-config.xml,http://models-resources.concord.org/legacy_jnlp_resources/sam/otml/sam-99.otml
RI-ITEST DIY - 101: DNA to Proteins (v4),http://ri-itest.portal.concord.org/diy/view/101/type/ExternalOtrunkActivity/,http://jnlpwrapper.diy.concord.org/jcl/RI-ITEST/101.jnlp?jnlp=http%3A%2F%2Fmodels-resources.concord.org%2Flegacy_jnlp_resources%2Fsam%2Fjnlps%2Fsam-101.jnlp,http://models-resources.concord.org/legacy_jnlp_resources/sam/jnlps/sam-101.jnlp,http://models-resources.concord.org/legacy_jnlp_resources/sam/configs/sam-101-config.xml,http://models-resources.concord.org/legacy_jnlp_resources/sam/otml/sam-101.otml
RI-ITEST DIY - 82: Photosynthesis (v3),http://ri-itest.portal.concord.org/diy/view/82/type/ExternalOtrunkActivity/,http://jnlpwrapper.diy.concord.org/jcl/RI-ITEST/82.jnlp?jnlp=http%3A%2F%2Fmodels-resources.concord.org%2Flegacy_jnlp_resources%2Fsam%2Fjnlps%2Fsam-82.jnlp,http://models-resources.concord.org/legacy_jnlp_resources/sam/jnlps/sam-82.jnlp,http://models-resources.concord.org/legacy_jnlp_resources/sam/configs/sam-82-config.xml,http://models-resources.concord.org/legacy_jnlp_resources/sam/otml/sam-82.otml